Kilo-Sec_B,rel_flux_T1_d(mag),rel_flux_err_T1_d(mag)
0,0.001454,0.001814
0.175046,0.004169,0.001836
0.192499,-0.010012,0.001844
0.209952,-0.00375,0.001853
0.227578,-0.002992,0.001842
0.24503,-0.013527,0.001829
0.262483,-0.019376,0.001837
0.279936,-0.005011,0.001829
0.297562,0.000342,0.001827
0.315014,0.002539,0.001839
0.332467,-0.006409,0.001811
0.350006,-0.005579,0.001817
0.367546,-0.006051,0.001829
0.384998,-0.017086,0.001835
0.402538,-0.012672,0.001827
0.41999,0.007374,0.00182
0.437443,0.001443,0.001825
0.454896,-0.002887,0.001837
0.472349,-0.006808,0.001816
0.489888,0.002224,0.00182
0.507427,0.007689,0.001806
0.525053,0.001911,0.001779
0.542506,0.006125,0.001806
0.560218,-0.005469,0.001799
0.57767,-0.002045,0.0018
0.59521,0.003992,0.001807
0.612922,0.008769,0.001801
0.630374,0.007488,0.001797
0.648,0.00629,0.001797
0.665626,0.010807,0.001814
0.683165,0.007994,0.001806
0.700618,0.014158,0.001821
0.71807,0.013751,0.00182
0.73561,0.007736,0.001804
0.753149,-0.000356,0.00178
0.770602,-0.005745,0.00181
0.788054,-0.007284,0.001807
0.805507,0.004514,0.001791
0.823046,-0.000565,0.001809
0.840499,0.012407,0.001788
0.857952,0.007029,0.001782
0.875578,0.008269,0.001802
0.89303,0.005697,0.001802
0.910483,-0.000222,0.001817
0.927936,0.0062,0.001813
0.945475,-0.000892,0.0018
0.962928,0.001781,0.001829
0.980381,0.003034,0.0018
0.997834,0.003501,0.001813
1.015459,-0.013394,0.001788
1.032998,-0.009346,0.001775
1.050451,-0.005705,0.001779
1.067904,-0.011891,0.001785
1.085443,-0.006129,0.001771
1.10281,-0.002351,0.00179
1.120349,-0.006098,0.001804
1.137802,0.001581,0.001792
1.155427,0.004743,0.001782
1.17288,0.0071,0.001774
1.190506,0.007343,0.001786
1.208045,-0.008955,0.001799
1.225498,-0.0107,0.001771
1.24295,-0.008482,0.001799
1.26049,-0.013311,0.001772
1.278029,-0.012141,0.001769
1.295482,-0.011047,0.001787
1.313021,-0.013123,0.001747
1.330474,-0.013328,0.001779
1.348013,-0.012206,0.001773
1.365638,-0.008294,0.001781
1.383091,-0.007057,0.001739
1.400544,-0.012956,0.001766
1.418083,-0.005709,0.001785
1.435536,-0.01728,0.001745
1.453075,-0.012549,0.001759
1.470701,-0.018105,0.001788
1.48824,-0.011665,0.001777
1.505693,-0.012466,0.001802
1.523232,-0.018314,0.001776
1.540685,-0.023093,0.001797
1.558051,-0.014468,0.001775
1.575504,-0.019365,0.001778
1.592957,-0.021741,0.001774
1.61041,-0.007894,0.001761
1.627862,-0.015822,0.001774
1.645315,-0.011059,0.001768
1.662854,-0.018208,0.001763
1.680307,-0.012946,0.001756
1.697846,-0.010427,0.001735
1.715386,-0.011367,0.001734
1.732838,-0.01596,0.001728
1.750291,-0.012786,0.001716
1.76783,-0.014772,0.001724
1.78537,-0.01158,0.001718
1.802822,-0.00702,0.00172
1.820362,-0.009772,0.001723
1.837814,-0.004719,0.001722
1.855181,-0.012753,0.001711
1.872634,-0.009554,0.001711
1.890086,-0.005448,0.001705
1.907539,-0.015773,0.001702
1.924992,-0.009391,0.001698
1.942531,-0.006622,0.001702
1.959984,-0.002229,0.001707
1.977696,-0.008974,0.001706
1.995149,-0.006596,0.001702
2.012602,-0.02151,0.00171
2.030054,-0.019634,0.001705
2.04768,-0.022649,0.001713
2.065133,-0.017652,0.001706
2.082586,-0.018143,0.001714
2.100125,-0.018089,0.001709
2.117664,-0.017888,0.001702
2.135117,-0.011157,0.001713
2.15257,-0.022928,0.001708
2.170109,-0.019974,0.001711
2.187562,-0.020376,0.001696
2.205014,-0.024905,0.001701
2.222467,-0.021967,0.001696
2.23992,-0.027211,0.001698
2.257546,-0.019613,0.001706
2.274998,-0.020223,0.001705
2.292451,-0.017233,0.001701
2.310077,-0.029734,0.001709
2.32753,-0.023843,0.001697
2.344982,-0.021254,0.001699
2.362522,-0.024417,0.001684
2.380061,-0.020352,0.001683
2.397427,-0.022868,0.001688
2.41488,-0.024855,0.001713
2.432506,-0.014874,0.001712
2.449958,-0.02364,0.001707
2.467498,-0.021864,0.001705
2.485037,-0.010084,0.001693
2.50249,-0.0097,0.001706
2.519942,-0.012454,0.001696
2.537395,-0.00898,0.001673
2.554848,-0.002787,0.001695
2.572387,-0.008971,0.001678
2.58984,-0.001788,0.001685
2.607379,-0.003798,0.001691
2.624918,0.000055,0.001712
2.642458,0.006462,0.00168
2.65991,-0.011163,0.001704
2.677363,-0.00338,0.001651
2.694902,-0.003962,0.001707
2.712355,-0.004549,0.001677
2.730067,0.002576,0.00164
2.747606,0.00542,0.001641
2.765146,-0.001579,0.001638
2.782598,0.012624,0.00164
2.800224,-0.001815,0.001625
2.81759,-0.002294,0.001626
2.83513,-0.001235,0.001644
2.852582,0.001669,0.001674
2.870122,0.011527,0.001636
2.887661,0.001536,0.001632
2.9052,-0.002025,0.001641
2.922739,-0.008564,0.001621
2.940106,-0.00377,0.001628
2.957645,-0.003118,0.001629
2.975098,-0.008253,0.001634
2.992723,-0.005888,0.001622
3.010176,-0.000824,0.001624
3.027715,0.003529,0.001632
3.045168,-0.004838,0.001611
3.062707,0.007187,0.001643
3.080074,0.010994,0.001625
3.097613,0.004901,0.001633
3.115066,0.009632,0.001666
3.132691,0.007783,0.001632
3.150144,0.01185,0.001639
3.167597,0.016232,0.001646
3.18505,0.004997,0.001636
3.202589,0.006993,0.001647
3.220128,0.0166,0.001648
3.237667,0.000683,0.001647
3.255293,0.005418,0.001639
3.272746,0.007127,0.001628
3.290371,0.00948,0.00162
3.308083,0.005591,0.001633
3.32545,0.002509,0.001614
3.342989,-0.000132,0.001606
3.360442,-0.000734,0.001613
3.377981,0.004755,0.001628
3.39552,0.008778,0.001637
3.412973,0.003172,0.001608
3.430426,0.00965,0.001635
3.447965,0.005384,0.001617
3.465418,0.000867,0.001611
3.48287,0.003596,0.001638
3.50041,0.002328,0.001613
3.517949,0.000486,0.001633
3.535402,0.004255,0.001635
3.552854,0.008533,0.001637
3.570307,0.000363,0.001624
3.587933,0.006029,0.001623
3.605299,0.001281,0.001626
3.622838,0.00927,0.001631
3.640291,0.004553,0.001623
3.657917,-0.000112,0.001616
3.67537,0.005666,0.001601
3.692822,-0.000536,0.001603
3.710275,0.003388,0.001615
3.727814,0.007108,0.001623
3.745354,0.006281,0.001654
3.762806,0.009226,0.001619
3.780346,0.005453,0.00162
3.797798,0.003629,0.001618
3.815251,0.005917,0.001608
3.832877,0.010037,0.001606
3.850502,0.006495,0.001618
3.867955,0.014085,0.001616
3.885494,0.005005,0.001609
3.902947,0.00721,0.001612
3.920486,0.007153,0.001612
3.938026,0.003781,0.001639
3.955478,0.011704,0.001618
3.972931,0.002011,0.00163
3.99047,-0.003524,0.001614
4.00801,-0.00431,0.001621
4.025462,-0.00381,0.001608
4.042915,-0.00695,0.001597
4.060454,-0.005541,0.001617
4.077907,-0.00118,0.001605
4.09536,-0.006094,0.001597
4.112813,0.00119,0.001606
4.130438,-0.010518,0.0016
4.147891,-0.003826,0.001592
4.165344,0.00144,0.001596
4.182797,-0.005883,0.001595
4.200422,0.002472,0.001588
4.217789,-0.003555,0.001593
4.235242,-0.00819,0.001594
4.252694,-0.009708,0.001594
4.27032,0.002292,0.001585
4.287773,-0.001653,0.001601
4.305226,-0.011982,0.001573
4.322678,-0.001338,0.00159
4.340304,-0.0059,0.001587
4.357757,-0.010855,0.00159
4.375296,-0.003897,0.001583
4.392835,0.002612,0.001593
4.410288,-0.007511,0.001584
4.427741,-0.006556,0.001591
4.445194,-0.007767,0.001593
4.462646,-0.004703,0.001585
4.480186,-0.004556,0.001586
4.497725,-0.008987,0.001595
4.515178,-0.004484,0.001593
4.532717,0.000194,0.001595
4.55017,-0.004128,0.001598
4.567622,-0.00424,0.001582
4.585075,-0.007578,0.001582
4.602528,-0.003496,0.001596
4.620154,-0.001579,0.00159
4.637606,-0.009729,0.001595
4.655059,-0.00266,0.001592
4.672685,-0.012517,0.001592
4.690224,-0.01624,0.001586
4.707763,-0.001778,0.001591
4.725302,-0.006173,0.001598
4.742842,-0.00644,0.001585
4.760208,-0.000054,0.00158
4.777747,-0.001915,0.001584
4.7952,-0.004352,0.00158
4.812826,-0.004672,0.001575
4.830278,-0.004502,0.001588
4.847731,-0.005337,0.001581
4.865184,-0.003773,0.001579
4.88281,0.000227,0.001583
4.900262,0.002787,0.001599
4.917715,0.003025,0.00159
4.935254,-0.002153,0.001585
4.95288,-0.00919,0.001588
4.970246,-0.000978,0.001578
4.987699,-0.002011,0.001584
5.005152,-0.002834,0.001583
5.022691,0.003178,0.001592
5.040144,0.003398,0.001587
5.057683,-0.004605,0.001586
5.075136,0.000521,0.001588
5.092675,-0.00702,0.001587
5.110214,-0.002635,0.001588
5.127667,-0.004672,0.001585
5.145206,-0.001542,0.001587
5.162659,-0.00501,0.00158
5.180112,0.000799,0.001588
5.197738,-0.000152,0.001588
5.215363,-0.000417,0.001589
5.232989,0.001826,0.001592
5.250528,0.002834,0.001594
5.268067,0.003552,0.00159
5.28552,0.003421,0.00159
5.303059,0.001731,0.001588
5.320512,-0.000974,0.001589
5.338051,0.005488,0.001583
5.35559,0.004747,0.001588
5.373043,-0.001984,0.001584
5.390496,0.005711,0.001583
5.408035,-0.001739,0.001587
5.425488,0.000659,0.001583
5.442941,-0.006771,0.00157
5.460394,0.002216,0.001578
5.478019,0.010689,0.001571
5.495472,0.002118,0.001563
5.513098,0.003249,0.001584
5.530637,0.001005,0.001573
5.548262,-0.001806,0.001567
5.565802,0.00368,0.00157
5.583427,0.002682,0.001579
5.600966,0.003411,0.001567
5.618419,0.006661,0.001572
5.635872,0.004216,0.001562
5.653411,0.000079,0.001553
5.670864,0.002532,0.001566
5.688317,0.000195,0.001558
5.70577,0.002218,0.001559
5.723395,-0.000667,0.001561
5.740848,0.001489,0.001555
5.758301,-0.000046,0.001558
5.775754,0.000019,0.001558
5.793293,-0.00089,0.001573
5.810832,-0.003416,0.001571
5.828285,-0.004349,0.001575
5.845738,0.00141,0.001577
5.863277,-0.002788,0.001563
5.880816,-0.003996,0.001559
5.898355,-0.010137,0.001569
5.915808,-0.000562,0.001567
5.933261,-0.001683,0.00157
5.950627,-0.003884,0.001564
5.968166,-0.002078,0.001581
5.985706,0.001111,0.001573
6.003158,-0.003781,0.001569
6.020698,-0.006632,0.001564
6.038237,-0.004949,0.001559
6.055862,0.001681,0.001562
6.073315,0.001934,0.001565
6.090854,-0.00432,0.001564
6.108307,-0.008623,0.001563
6.125846,-0.005575,0.001567
6.143472,-0.008153,0.00157
6.160925,-0.007049,0.001572
6.178378,-0.002527,0.001568
6.195917,-0.004211,0.001567
6.21337,-0.002633,0.001569
6.230822,-0.00597,0.001565
6.248275,-0.002676,0.001567
6.265814,-0.012389,0.001561
6.283354,-0.008047,0.001562
6.300806,-0.005268,0.001572
6.318259,-0.00969,0.00156
6.335798,-0.004892,0.00157
6.353251,-0.00409,0.001565
6.370704,-0.008969,0.001565
6.388157,-0.005214,0.00157
6.405782,-0.004527,0.001566
6.423235,-0.007623,0.001561
6.440688,-0.004691,0.00156
6.458141,0.002563,0.001568
6.475766,-0.004172,0.001567
6.493219,-0.008264,0.001566
6.510672,-0.010264,0.001571
6.528125,-0.00287,0.001567
6.545664,-0.007442,0.001563
6.563117,-0.004446,0.001569
6.58057,-0.006563,0.001568
6.598022,-0.010449,0.001571
6.615648,-0.008249,0.001563
6.633101,-0.007768,0.001566
6.650554,-0.005143,0.001566
6.668006,-0.004741,0.001568
6.685632,-0.003661,0.00157
6.703085,-0.003744,0.00157
6.72071,-0.008248,0.001566
6.738336,-0.007433,0.001569
6.755875,-0.00496,0.001563
6.773328,0.000519,0.001566
6.790781,-0.00378,0.001569
6.80832,-0.00259,0.001562
6.825686,-0.004172,0.001563
6.843226,-0.001077,0.001572
6.860678,-0.003915,0.001573
6.878218,-0.002929,0.001569
6.89567,-0.001404,0.001575
6.913123,-0.003223,0.001565
6.930576,-0.004481,0.001573
6.948029,-0.001864,0.001567
6.965482,-0.005567,0.001568
6.982934,-0.00302,0.001566
7.000301,-0.003734,0.001565
7.01784,-0.00677,0.001562
7.035379,-0.004786,0.001567
7.052832,-0.002665,0.001562
7.070371,-0.002206,0.00157
7.08791,-0.007511,0.001567
7.105363,-0.000292,0.001567
7.122816,-0.002561,0.001569
7.140355,-0.001139,0.001566
7.157808,0.007379,0.001568
7.175347,0.003314,0.001574
7.1928,0.002382,0.001565
7.210253,0.002459,0.001565
7.227706,-0.001591,0.001569
7.245331,-0.002077,0.001562
7.26287,-0.000295,0.001565
7.280323,0.004508,0.001567
7.297776,0.000958,0.001568
7.315315,0.003862,0.001571
7.332768,-0.001914,0.001573
7.350221,-0.001575,0.001559
7.36776,0.007721,0.001561
7.385299,-0.002708,0.001562
7.402752,0.007639,0.001566
7.420291,0.008987,0.001554
7.438003,0.002832,0.00155
7.455456,0.004058,0.001548
7.472909,0.003418,0.001559
7.490448,0.006238,0.001547
7.507987,0.006223,0.00154
7.52544,0.002531,0.001539
7.542893,-0.0004,0.001536
7.560432,0.000456,0.001545
7.577885,-0.003098,0.001535
7.595338,-0.003989,0.001532
7.612963,0.002246,0.001534
7.630416,0.000366,0.001533
7.647869,-0.002257,0.001536
7.665322,-0.004619,0.00154
7.682688,-0.007681,0.001533
7.700141,-0.004883,0.001545
7.71768,-0.004476,0.001535
7.735133,-0.004875,0.001539
7.752586,-0.004004,0.00153
7.770038,-0.003973,0.001548
7.787578,0.000241,0.001549
7.80503,-0.00569,0.001547
7.82257,-0.004033,0.00154
7.840195,-0.00378,0.001547
7.857734,-0.000044,0.001566
7.87536,0.000019,0.001533
7.892899,0.000506,0.001552
7.910525,-0.002203,0.001558
7.927978,-0.008187,0.00155
7.94543,-0.007622,0.001546
7.962883,-0.012126,0.00154
7.980509,-0.010982,0.001538
7.997962,-0.006952,0.001545
8.015414,-0.005362,0.001545
8.032954,-0.010882,0.001538
8.050406,-0.00519,0.001544
8.067859,-0.005168,0.001543
8.085312,-0.010307,0.001537
8.102765,-0.010318,0.00154
8.12039,-0.008218,0.001542
8.138016,-0.006688,0.001535
8.155469,-0.011155,0.001549
8.172922,-0.004388,0.001541
8.190374,-0.007515,0.001546
8.207827,-0.00543,0.001546
8.22528,-0.005744,0.001545
8.242906,-0.006884,0.001548
8.260358,-0.004822,0.001546
8.277811,-0.005304,0.001549
8.295437,-0.003285,0.001548
8.313062,-0.006493,0.001541
8.330602,-0.002909,0.001545
8.348054,-0.000804,0.001545
8.365507,-0.0036,0.001543
8.383133,-0.00442,0.001544
8.400672,-0.005352,0.001536
8.418211,-0.002981,0.001543
8.43575,-0.005371,0.001548
8.453203,-0.002871,0.001543
8.470829,-0.007414,0.001536
8.488282,-0.005729,0.001547
8.505821,-0.005568,0.001542
8.523274,-0.007506,0.001541
8.540726,-0.004028,0.001542
8.558179,-0.00567,0.001545
8.575632,-0.003922,0.001546
8.593171,-0.003681,0.001545
8.61071,0.001948,0.001544
8.628422,-0.003743,0.001538
8.645962,-0.003461,0.001542
8.663414,0.003058,0.001545
8.680867,-0.006033,0.001539
8.698406,0.001864,0.001542
8.715773,0.003934,0.00154
8.733226,-0.008253,0.001532
8.750678,-0.000909,0.001535
8.768131,0.001741,0.001531
8.785584,-0.000593,0.001531
8.803123,-0.00039,0.001532
8.820576,-0.001757,0.001537
8.838029,-0.001279,0.001548
8.855482,-0.005435,0.001544
8.873021,-0.000578,0.001534
8.89056,0.001623,0.001535
8.908013,-0.000674,0.001552
8.925466,-0.000823,0.001556
8.942918,-0.001046,0.001553
8.960371,-0.002239,0.001554
8.97791,-0.00287,0.001552
8.99545,-0.000786,0.001557
9.012989,-0.002326,0.00155
9.030442,-0.000802,0.00155
9.047894,-0.003064,0.001542
9.065434,0.000702,0.001556
9.082886,0.000195,0.001552
9.100339,-0.001882,0.001543
9.117792,-0.000126,0.001548
9.135331,-0.00151,0.001548
9.15287,0.004557,0.001554
9.170323,0.001396,0.001543
9.187776,-0.006019,0.001535
9.205402,0.001713,0.001546
9.222854,0.002959,0.001548
9.240307,-0.000985,0.001542
9.25776,0.003256,0.001549
9.275299,-0.001124,0.001547
9.292752,-0.001746,0.00154
9.310205,0.006725,0.001539
9.327658,-0.000477,0.001541
9.345283,0.00361,0.00154
9.362736,-0.002763,0.001539
9.380189,-0.003741,0.001537
9.397814,-0.002702,0.001534
9.415267,-0.004164,0.001536
9.432806,0.001287,0.001537
9.450346,-0.009331,0.001534
9.467798,-0.005529,0.001536
9.485251,-0.002346,0.001534
9.502704,0.000032,0.001529
9.520157,0.001573,0.001533
9.537955,-0.005933,0.001542
9.555494,-0.002816,0.00154
9.572947,-0.006086,0.001547
9.5904,-0.002386,0.001542
9.607853,-0.007285,0.001543
9.625306,-0.006672,0.001541
9.642845,-0.003404,0.001545
9.660384,-0.004567,0.001536
9.677837,-0.005719,0.001531
9.695462,-0.000656,0.00154
9.712915,-0.006482,0.001536
9.730368,-0.006227,0.001536
9.747821,-0.009672,0.001537
9.765274,-0.00578,0.001533
9.782813,-0.004895,0.001533
9.800525,-0.00796,0.001538
9.817978,-0.010646,0.001535
9.83543,-0.007397,0.00154
9.852883,-0.008425,0.001536
9.870509,-0.009901,0.001535
9.887875,-0.010784,0.001534
9.905328,-0.003458,0.001542
9.922781,-0.011461,0.001531
9.940234,-0.004616,0.00153
9.957773,-0.005006,0.001532
9.975226,-0.006462,0.001539
9.992678,-0.002537,0.001536
10.010131,-0.007509,0.001532
10.02767,-0.005827,0.001537
10.045123,-0.004697,0.001535
10.062576,-0.007662,0.001539
10.080029,-0.008124,0.001539
10.097654,-0.003694,0.001538
10.115107,-0.006551,0.001536
10.13256,-0.005231,0.001534
10.150013,-0.008525,0.001538
10.167638,-0.007799,0.001535
10.185091,-0.002341,0.001543
10.202544,-0.001188,0.001541
10.220083,-0.004808,0.001538
10.237622,-0.006698,0.001538
10.255075,-0.002555,0.001541
10.272528,-0.00345,0.00154
10.290067,-0.004118,0.001539
10.30752,-0.000008,0.001542
10.325059,-0.003097,0.001537
10.342598,-0.003709,0.001538
10.360051,-0.008003,0.001544
10.377677,-0.002063,0.001534
10.395216,-0.004481,0.001534
10.412669,-0.007563,0.001531
10.430208,-0.004023,0.001534
10.447747,-0.007466,0.001528
10.465286,-0.004049,0.001527
10.482739,-0.007677,0.001524
10.500278,-0.003558,0.00153
10.517731,-0.008377,0.001525
10.535184,-0.008118,0.00153
10.552637,-0.006696,0.001524
10.570176,-0.008195,0.001526
10.587629,-0.005106,0.001527
10.605082,-0.004617,0.001531
10.622534,-0.006912,0.001532
10.64016,-0.00271,0.001534
10.657526,-0.004269,0.001535
10.674979,-0.007363,0.001532
10.692432,-0.007925,0.00153
10.710144,-0.012025,0.001526
10.72751,-0.013983,0.00153
10.74505,-0.018379,0.00152
10.762502,-0.012483,0.001526
10.780042,-0.016399,0.001536
10.797494,-0.019696,0.001527
10.814947,-0.011479,0.001531
10.8324,-0.008582,0.001534
10.850026,-0.013505,0.001524
10.867565,-0.010155,0.001523
10.885018,-0.012933,0.001523
10.902557,-0.009783,0.001518
10.92001,-0.011862,0.001519
10.937462,-0.008815,0.00152
10.954915,-0.00753,0.001525
10.972454,-0.009268,0.001527
10.989907,-0.014422,0.001524
11.007446,-0.008599,0.001529
11.024813,-0.010546,0.001527
11.042352,-0.010199,0.001523
11.059891,-0.01131,0.001528
11.077344,-0.00787,0.001522
11.094797,-0.014892,0.001526
11.112336,-0.005995,0.001533
11.129875,-0.009947,0.001527
11.147328,-0.0093,0.00152
11.164867,-0.007846,0.001526
11.18232,-0.009939,0.001523
11.199859,-0.01048,0.001529
11.217312,-0.004568,0.001528
11.234851,-0.003867,0.001523
11.252304,-0.002301,0.001526
11.269757,-0.004793,0.001524
11.28721,-0.003022,0.001529
11.304662,-0.003202,0.001524
11.322202,-0.000712,0.001531
11.339741,-0.003449,0.001528
11.35728,-0.003857,0.001531
11.374733,-0.005635,0.001527
11.392186,-0.003131,0.001529
11.409725,-0.00062,0.00153
11.427178,-0.002349,0.001534
11.444717,-0.004656,0.001531
11.46217,-0.002481,0.001535
11.479709,-0.004285,0.001535
11.497075,-0.002702,0.001532
11.514528,-0.001121,0.001535
11.531981,0.000901,0.001531
11.549434,0.002022,0.001538
11.566886,-0.002719,0.001534
11.584339,-0.004741,0.001537
11.601792,-0.007092,0.001533
11.619331,-0.005431,0.001537
11.63687,-0.004917,0.001539
11.654323,-0.007113,0.001534
11.671862,-0.005165,0.00153
11.689315,-0.002176,0.001528
11.706854,-0.004353,0.00153
11.724394,-0.006119,0.00153
11.741846,-0.005115,0.001529
11.759299,-0.001548,0.001529
11.776752,-0.000996,0.001534
11.794205,-0.003296,0.00153
11.811744,-0.002599,0.001531
11.829197,-0.00456,0.001533
11.846736,-0.004869,0.001524
11.864189,-0.003559,0.001532
11.881728,-0.006249,0.001524
11.899181,-0.001731,0.001525
11.917152,-0.006313,0.001528
11.935642,-0.003742,0.001524
11.955254,-0.002497,0.001521
11.97288,-0.004286,0.001518
11.990678,-0.003628,0.001521
12.008131,-0.003704,0.001519
12.025498,0.002052,0.00152
12.04295,-0.003415,0.00152
12.06049,-0.003942,0.001519
12.077942,-0.002481,0.00152
12.095395,-0.000001,0.00152
12.113021,-0.001366,0.001534
12.130474,0.004359,0.00153
12.147926,0.000651,0.001526
12.165379,-0.001308,0.001535
12.182832,0.001377,0.001533
12.200371,-0.003352,0.001529
12.847594,0.000155,0.00155
12.865046,-0.006252,0.001544
12.882499,-0.006124,0.001543
12.899952,0.008062,0.00164
12.91801,0.008336,0.001577
12.935462,0.003652,0.001629
12.953088,0.002712,0.001539
12.970627,0.003569,0.001531
12.98808,0.002808,0.001533
13.005533,0.000335,0.001529
13.022986,0.002951,0.001532
13.040525,0.000893,0.001536
13.057978,0.002303,0.001532
13.07543,0.004424,0.001527
13.09297,-0.000326,0.001528
13.110422,0.002865,0.00154
13.127875,-0.001054,0.001526
13.145414,0.000235,0.001533
13.162954,0.003194,0.001529
13.180406,0.003845,0.001528
13.197946,0.001114,0.001531
13.215485,0.003324,0.001533
13.232851,0.00367,0.001532
13.250304,0.001201,0.001534
13.267757,0.00342,0.001526
13.28521,0.000237,0.001527
13.302835,0.004806,0.001543
13.320374,-0.000391,0.001531
13.337827,0.002448,0.001547
13.35528,0.007321,0.001528
13.372819,0.006586,0.001528
13.390272,0.007467,0.001528
13.407725,0.006289,0.00153
13.425178,0.004864,0.001548
13.442803,0.006026,0.001527
13.46017,0.003757,0.001534
13.477709,0.007263,0.001526
13.495248,0.001917,0.00154
13.512701,0.003514,0.00153
13.53024,0.000989,0.001533
13.547693,-0.000725,0.001532
13.565232,0.001737,0.001531
13.582685,0.002864,0.001532
13.600138,0.0031,0.001523
13.61759,0.001705,0.001533
13.63513,0.000685,0.001531
13.652669,0.003454,0.001527
13.670035,0.004593,0.001528
13.687574,0.002358,0.001528
13.705114,-0.000919,0.001531
13.722653,0.001626,0.001526
13.740106,0.000905,0.00153
13.757645,0.004794,0.001531
13.775098,0.000249,0.001525
13.79255,0.000913,0.001534
13.810003,0.000313,0.001526
13.827456,-0.000141,0.001532
13.844995,-0.003385,0.001518
13.862534,-0.000233,0.001524
13.879987,0.004095,0.001534
13.897354,-0.002931,0.001531
13.914893,0.00017,0.001529
13.932518,0.001904,0.001532
13.950058,0.00429,0.001531
13.96751,-0.001185,0.001525
13.984963,0.003377,0.001531
14.002416,0.001363,0.001529
14.019869,0.002928,0.001525
14.037408,0.005271,0.001529
14.054861,0.002838,0.00152
14.0724,0.004722,0.001526
14.090026,0.007471,0.001536
14.107565,0.002841,0.001522
14.12519,0.002115,0.001523
14.142643,-0.002554,0.001524
14.160096,0.001274,0.001516
14.177549,0.00173,0.001525
14.195174,-0.001505,0.00152
14.212627,0.002155,0.001518
14.23008,0.002503,0.001527
14.247533,-0.000528,0.001516
14.265072,-0.00046,0.00151
14.282525,-0.003059,0.001525
14.299978,0.003009,0.001511
14.31743,-0.002101,0.001516
14.335056,0.001041,0.001516
14.352422,0.002368,0.001509
14.369875,-0.002284,0.001513
14.387328,0.003079,0.001521
14.40504,-0.000269,0.001515
14.422406,0.002945,0.001511
14.439946,-0.000503,0.001515
14.457312,0.002413,0.001522
14.474938,-0.001102,0.00152
14.492477,-0.000761,0.001513
14.509843,0.001869,0.001525
14.527296,0.000887,0.001513
14.544922,0.004147,0.001518
14.562461,0.004401,0.001527
14.58,-0.002545,0.00151
14.597453,0.002123,0.001517
14.615078,-0.00154,0.001518
14.632531,-0.000739,0.001523
14.649984,-0.00115,0.001512
14.667523,-0.003131,0.001515
14.684976,-0.001197,0.001515
14.702515,0.000944,0.001517
14.719968,0.001328,0.001521
14.737421,-0.003693,0.001523
14.75496,0.004171,0.001518
14.772413,0.002393,0.001516
14.789866,0.002084,0.001519
14.807318,0.003569,0.001523
14.824771,0.00344,0.001518
14.842224,0.000277,0.001517
14.859763,-0.000031,0.001517
14.877216,0.002247,0.001519
14.894755,0.002641,0.001527
14.912381,0.001122,0.00152
14.929834,0.002341,0.001521
14.947286,-0.000612,0.00152
14.964739,0.005203,0.00152
14.982451,0.000772,0.00152
14.999904,0.001172,0.001524
15.017443,0.004174,0.001524
15.034896,0.000887,0.001526
15.052522,0.003895,0.001527
15.069974,0.001438,0.001521
15.087427,0.001993,0.001528
15.104966,0.004345,0.001522
15.122592,0.006351,0.001524
15.140131,0.003702,0.001525
15.15767,0.002881,0.001525
15.17521,0.000549,0.001527
15.192922,0.002414,0.00152
15.210461,-0.004506,0.001519
15.227914,0.001847,0.001515
15.245453,-0.003991,0.001516
15.262819,0.002464,0.001518
15.280358,0.001526,0.00152
15.297811,-0.000562,0.001521
15.31535,0.004172,0.001526
15.332803,0.000956,0.001516
15.350342,0.003946,0.001526
15.367795,0.000441,0.001513
15.385334,0.005248,0.001523
15.40296,0.001046,0.001519
15.420326,0.005061,0.001525
15.437866,-0.005714,0.001516
15.455318,-0.000827,0.001518
15.472771,-0.004644,0.001519
15.490224,-0.001781,0.001545
15.507677,0.003163,0.001519
15.525216,0.006338,0.00152
15.542669,-0.000075,0.00152
15.560208,0.00982,0.001519
15.577747,0.002699,0.001523
15.5952,0.005698,0.001526
15.612653,0.001365,0.001522
15.630278,0.002684,0.001521
15.647731,0.002139,0.00152
15.665184,0.005077,0.001525
15.682637,0.003203,0.001522
15.700176,0.001651,0.00152
15.717629,0.0044,0.001522
15.735082,0.00245,0.001519
15.752534,-0.002829,0.001524
15.770074,0.000672,0.001518
15.78744,0.00013,0.001516
15.805066,0.007464,0.001509
15.822518,0.0034,0.001513
15.840144,0.00281,0.001517
15.857597,-0.001134,0.001508
15.87505,-0.000468,0.001512
15.892675,0.001763,0.001518
15.910128,-0.003896,0.001516
15.927581,-0.002728,0.001522
15.945034,-0.003757,0.001512
15.962659,0.00283,0.001526
15.980112,0.004617,0.001515
15.997565,-0.000311,0.001511
16.015018,-0.002321,0.001518
16.03247,-0.002399,0.001511
16.049923,0.003959,0.001508
16.067376,-0.00135,0.001511
16.084829,-0.000025,0.001516
16.102454,-0.000346,0.001507
16.119907,-0.000412,0.001511
16.13736,-0.001867,0.001511
16.154813,0.00466,0.001513
16.172438,-0.000806,0.001515
16.189891,0.001261,0.001512
16.207344,0.001299,0.001514
16.224797,0.000078,0.001517
16.242336,0.00243,0.001513
16.259875,0.002848,0.00151
16.277328,0.001473,0.001511
16.294781,-0.001061,0.001515
16.31232,0.001116,0.001515
16.329773,-0.001924,0.001512
16.347226,-0.004119,0.001515
16.364678,-0.003315,0.001516
16.382304,-0.000062,0.001516
16.39967,0.000426,0.00152
16.417123,0.003963,0.001518
16.434662,0.002077,0.001516
16.452288,0.001557,0.001517
16.469654,0.003701,0.001518
16.487194,0.002867,0.001516
16.504733,0.005499,0.001517
16.522186,0.004877,0.001518
16.539638,0.003242,0.001516
16.557091,0.002243,0.001522
16.574544,0.003569,0.00152
16.59217,0.001437,0.001516
16.609709,0.000877,0.001511
16.627334,0.0016,0.001512
16.644874,0.001577,0.001514
16.662326,-0.000402,0.001513
16.679779,0.004719,0.00151
16.697232,0.001657,0.001511
16.714685,0.000641,0.001512
16.732224,-0.001096,0.001512
16.749763,0.003886,0.001511
16.767216,-0.000284,0.00151
16.784842,0.002346,0.001509
16.802381,0.000125,0.001511
16.819834,-0.002986,0.001513
16.837546,-0.001634,0.001511
16.854998,-0.000519,0.001513
16.872451,-0.001827,0.001514
16.889904,0.002213,0.00151
16.90753,0.001557,0.001511
16.924896,0.001246,0.001511
16.942435,0.000131,0.001505
16.959974,0.007397,0.001514
16.977514,0.003454,0.001514
16.99488,0.003196,0.001511
17.012333,0.001126,0.001509
17.029786,0.002918,0.00151
17.047411,0.003018,0.00151
17.06495,-0.002654,0.001512
17.08249,0.000072,0.001512
17.099942,-0.00001,0.001516
17.117395,-0.003135,0.001514
17.135021,-0.001703,0.001513
17.152474,0.0014,0.001512
17.169926,0.004979,0.001512
17.187379,0.004444,0.001518
17.204832,0.002504,0.00152
17.222371,0.001066,0.001512
17.239824,0.003481,0.001517
17.257363,0.00257,0.001523
17.274902,0.002272,0.00152
17.292355,0.002702,0.001521
17.309808,-0.001608,0.001519
17.327347,0.002997,0.001516
17.344886,-0.000591,0.001511
17.362339,0.004546,0.001517
17.379792,0.004264,0.001513
17.397245,-0.000237,0.001511
17.414784,-0.002648,0.001516
17.432237,0.001471,0.001518
17.449776,-0.004316,0.001517
17.467229,0.002341,0.001517
17.484854,0.004142,0.00152
17.502307,0.000015,0.001514
17.519933,0.001742,0.001523
17.537386,-0.003377,0.001525
17.554838,-0.000302,0.001522
17.572291,0.000589,0.001525
17.589917,-0.000107,0.001519
17.607456,0.001501,0.001524
17.624995,0.002448,0.001527
17.642448,0.002588,0.001517
17.659901,0.004801,0.001524
17.677354,0.000587,0.001523
17.694806,0.003285,0.001557
17.712346,0.002716,0.001546
17.729885,0.006093,0.001532
17.747338,0.002688,0.001523
17.76479,-0.002789,0.001523
17.78233,-0.004573,0.00152
17.799782,0.002493,0.00152
17.817235,-0.001035,0.001512
17.834861,0.001463,0.001518
17.852314,-0.001372,0.001517
17.869766,-0.001308,0.001519
17.887219,-0.005063,0.001519
17.904586,-0.003707,0.00152
17.922038,0.000475,0.001523
17.939578,0.004218,0.001518
17.957117,-0.000787,0.001522
17.97457,0.001351,0.001516
17.992109,0.004615,0.001521
18.009648,-0.000917,0.001516
18.027101,0.005644,0.001523
18.04464,0.002361,0.001518
18.062093,-0.001533,0.001521
18.079718,-0.000757,0.001519
18.097085,0.000088,0.001519
18.114624,-0.001688,0.001518
18.132077,0.001432,0.00152
18.149616,-0.003735,0.001519
18.167155,-0.002966,0.001519
18.184608,0.001849,0.001526
18.202061,0.004285,0.001519
18.2196,0.001043,0.001521
18.237053,0.002228,0.00152
18.254592,0.002589,0.001526
18.272131,-0.000371,0.001521
18.289584,0.000411,0.001523
18.307037,-0.004088,0.001518
18.32449,-0.00527,0.001525
18.342029,-0.001108,0.001519
18.359568,0.001242,0.001519
18.376934,0.002776,0.001529
18.394474,-0.005955,0.001517
18.411926,-0.000961,0.001521
18.429552,-0.002182,0.001523
18.446918,-0.000327,0.001527
18.464458,-0.000452,0.001523
18.481997,0.001093,0.001525
18.49945,0.004158,0.001522
18.516816,0.000418,0.001519
18.534355,0.003998,0.001528
18.551808,0.003331,0.001529
18.569434,0.000168,0.001523
18.586973,0.002524,0.001527
18.604426,0.002407,0.001529
18.621965,-0.005301,0.001519
18.639418,-0.001317,0.001535
18.65687,0.001501,0.001526
18.67441,0.00404,0.001532
18.692035,0.000777,0.001532
18.709574,0.001997,0.001517
18.726941,-0.000336,0.001527
18.74448,0.001128,0.001517
18.761933,0.001229,0.001516
18.779472,-0.002257,0.001515
18.796838,0.001312,0.001523
18.814291,0.004215,0.001519
18.83183,-0.002909,0.001513
18.849283,-0.00078,0.001508
18.86665,0.00544,0.001513
18.884189,0.001691,0.001512
18.901642,0.00335,0.001513
18.919267,0.002328,0.001513
18.936634,-0.009018,0.00151
18.954173,-0.005809,0.001515
18.971798,-0.006859,0.001512
18.989251,-0.003231,0.001512
19.006704,-0.004014,0.00151
19.024243,-0.005196,0.001508
19.041696,-0.006027,0.001511
19.059149,-0.003348,0.001513
19.076774,-0.005305,0.001509
19.094314,-0.007426,0.001511
19.111939,-0.001637,0.001507
19.129306,-0.002275,0.001511
19.146758,0.00095,0.001509
19.164211,-0.002789,0.001512
19.181664,-0.000194,0.00151
19.199117,0.000062,0.00151
19.216656,0.000487,0.001512
19.234109,0.000564,0.001513
19.251562,-0.00182,0.001512
19.269014,0.00024,0.001511
19.286467,0.002917,0.001509
19.304006,-0.002727,0.001515
19.321459,-0.003561,0.001514
19.338998,-0.002472,0.001521
19.356451,-0.0011,0.001519
19.37399,0.001117,0.001514
19.391357,0.000629,0.001518
19.40881,0.001794,0.001512
19.426262,0.003166,0.001512
19.443802,0.001691,0.001515
19.461341,0.002863,0.001516
19.478794,0.001482,0.001518
19.496333,0.001356,0.001518
19.513699,0.000829,0.001518
19.531238,0.002265,0.001518
19.548691,0.003815,0.001514
19.566144,-0.002751,0.001516
19.583597,0.00483,0.001522
19.600963,0.006851,0.001522
19.618416,0.004766,0.001517
19.635955,0.00261,0.001515
19.653408,0.00399,0.001518
19.670861,0.00485,0.001521
19.688486,-0.000597,0.001521
19.706112,0.000182,0.001517
19.723478,0.001552,0.001526
19.741018,0.002211,0.001518
19.758557,-0.002302,0.001518
19.776096,-0.003737,0.001519
19.793635,-0.002124,0.001518
19.811088,0.000071,0.001521
19.828541,-0.002366,0.001525
19.846166,-0.002583,0.001513
19.863619,-0.000908,0.001519
19.881072,-0.004346,0.00152
19.898525,-0.000696,0.001522
19.915978,-0.004361,0.001522
19.933517,-0.005006,0.001516
19.951056,-0.000813,0.001514
19.968509,0.00001,0.001516
19.985962,-0.001255,0.001515
20.003501,-0.001865,0.001515
20.020954,0.004878,0.00152
20.038406,0.003909,0.001518
20.055946,-0.003313,0.001519
20.073398,-0.00283,0.001519
20.090851,-0.001257,0.001522
20.108304,0.00452,0.001519
20.12593,-0.002819,0.001513
20.143382,0.002783,0.001518
20.160835,-0.000399,0.001523
20.178288,0.006698,0.001515
20.195914,0.003141,0.001521
20.213366,0.000471,0.001517
20.230819,0.00002,0.001516
20.248272,0.00057,0.001514
20.265811,-0.002642,0.00152
20.283264,-0.000542,0.001521
20.300717,0.001339,0.001524
20.31817,0.002882,0.001529
20.335795,0.001819,0.00153
20.353248,-0.00335,0.001517
20.370701,0.005968,0.001514
20.38824,0.005353,0.001522
20.405693,0.0018,0.001519
20.423146,0.002985,0.001522
20.440598,0.000339,0.001517
20.458224,0.00245,0.001523
20.475677,0.008101,0.001521
20.493216,0.001581,0.001518
20.510755,0.001979,0.001526
20.528208,0.003931,0.001525
20.545661,0.000799,0.001523
20.563114,0.007982,0.001522
20.580566,0.003916,0.001529
20.598106,0.009234,0.001527
20.615645,0.003424,0.001522
20.633098,0.004469,0.001532
20.650637,0.00283,0.001523
20.66809,0.003309,0.001531
20.685542,0.002362,0.001519
20.702995,0.003408,0.001524
20.720362,0.005732,0.001523
20.737987,-0.000101,0.001528
20.755526,0.00138,0.001526
20.772979,0.001917,0.001532
20.790518,-0.007945,0.001519
20.807971,-0.009527,0.001523
20.82551,-0.009478,0.001524
20.842963,-0.010287,0.001524
20.860502,-0.003451,0.001518
20.877955,-0.003762,0.001514
20.895494,-0.002418,0.001517
20.913034,-0.004627,0.001517
20.930486,-0.006642,0.001509
20.947939,-0.002782,0.001516
20.965478,-0.003514,0.00152
20.982931,0.004035,0.00152
21.000384,0.000761,0.001513
21.017837,0.004386,0.001521
21.035462,0.000144,0.00152
21.052915,-0.002388,0.001522
21.070368,0.002852,0.001524
21.087821,0.003668,0.001519
21.105446,0.005686,0.001524
21.122899,0.005827,0.001525
21.140352,-0.000778,0.001519
21.157805,0.001571,0.001525
21.175344,-0.000345,0.001523
21.19271,0.003649,0.001529
21.21025,0.002118,0.001519
21.227789,0.004063,0.001525
21.245328,0.004606,0.00153
21.262781,0.008636,0.001528
21.280234,0.004476,0.001526
21.297686,0.009618,0.001528
21.315312,0.005637,0.001521
21.332851,0.005265,0.001526
21.350477,0.006692,0.001524
21.368016,0.003627,0.001527
21.385469,0.008418,0.00153
21.403008,0.003244,0.001523
21.420461,0.005155,0.001534
21.438,0.003771,0.001524
21.455539,0.003093,0.001523
21.472992,-0.001006,0.001525
21.490445,-0.000236,0.001514
21.507898,-0.002028,0.001519
21.52535,-0.001089,0.001523
21.54289,0.001972,0.001524
21.560342,0.000707,0.001527
21.577882,0.00168,0.001522
21.595421,-0.00083,0.001523
21.612874,0.002151,0.00152
21.630326,0.001537,0.001516
21.647866,0.005716,0.001524
21.665405,0.002756,0.001518
21.682858,-0.0032,0.001523
21.700397,-0.003305,0.001527
21.717936,0.002477,0.001519
21.735389,0.003941,0.001524
21.752842,0.002748,0.001523
21.770294,0.004594,0.001521
21.787747,0.006521,0.001523
21.8052,0.00394,0.001522
21.822653,0.002902,0.001519
21.840106,0.001539,0.001521
21.857558,-0.002222,0.00152
21.875184,0.003135,0.001521
21.892637,0.002144,0.001528
21.91009,0.007365,0.001524
21.927715,0.001391,0.001528
21.945168,-0.000907,0.001529
21.962621,0.004088,0.001526
21.980074,0.00372,0.00153
21.997699,0.007533,0.001532
22.015152,0.003773,0.001522
22.032605,0.005592,0.001524
22.050058,0.001706,0.001524
22.067683,0.007264,0.001536
22.08505,0.003367,0.001528
22.102589,0.004408,0.001532
22.120214,0.003443,0.001526
22.13784,0.002733,0.001526
22.155206,0.003735,0.001533
22.172746,-0.000095,0.001521
22.190285,-0.003956,0.001518
22.207738,-0.001048,0.001532
22.22519,0.004498,0.001522
22.24273,-0.000527,0.001519
22.260269,-0.002896,0.001521
22.277722,0.002102,0.001521
22.295261,-0.002091,0.001527
22.312714,-0.001503,0.001527
22.330253,0.003358,0.001525
22.347792,-0.002889,0.00153
22.365245,0.002956,0.001524
22.382698,-0.003938,0.001529
22.400237,0.002691,0.001526
22.41769,-0.001814,0.001527
22.435142,-0.00242,0.001526
22.452595,0.001641,0.001525
22.470221,0.000758,0.001526
22.487587,0.000103,0.001524
22.505126,-0.000307,0.001525
22.522579,0.000512,0.001523
22.540205,0.008074,0.001537
22.557658,0.002601,0.001529
22.57511,0.004673,0.001532
22.592563,0.00467,0.001532
22.610102,0.009888,0.00153
22.627642,0.006966,0.001529
22.645094,0.006182,0.001526
22.662547,0.003905,0.00153
22.680086,0.001284,0.001533
22.697626,0.003194,0.001531
22.715078,0.005658,0.00153
22.732531,0.004696,0.001532
22.75007,0.000388,0.001527
22.767523,0.005939,0.001533
22.784976,0.006135,0.001528
22.802515,0.004662,0.001531
22.820054,0.003524,0.001533
22.837507,0.005314,0.00153
22.855046,0.003291,0.001528
22.872758,0.003284,0.001528
22.890211,0.002478,0.001534
22.90775,0.00156,0.00153
22.925203,0.003438,0.001534
22.942656,0.005251,0.00153
22.960109,0.00247,0.001533
22.977475,0.001694,0.001538
22.994928,0.007054,0.00153
23.012467,0.001495,0.001534
23.02992,0.002411,0.001529
23.047373,0.001257,0.001535
23.064826,0.006917,0.00154
23.082278,0.001301,0.001538
23.099904,0.005508,0.001532
23.11727,-0.003826,0.00155
23.134723,0.000175,0.001541
23.152176,-0.002829,0.001526
23.169715,-0.000338,0.001538
23.187254,0.001157,0.00152
23.204621,0.000511,0.001527
23.222074,-0.006768,0.001529
23.239526,-0.002775,0.001532
23.257066,-0.000821,0.00153
23.274518,-0.001225,0.001522
23.291971,-0.000616,0.001526
23.309597,-0.003334,0.001526
23.32705,0.002156,0.001528
23.344502,0.0001,0.00153
23.361955,0.00064,0.001525
23.379408,-0.003243,0.001561
23.397034,-0.009187,0.001519
23.414486,-0.008354,0.001525
23.431939,-0.009007,0.001526
23.449478,0.004408,0.001525
23.466931,0.004225,0.001531
23.484384,0.00204,0.00153
23.501837,0.003723,0.001529
23.51929,0.002588,0.00153
23.536915,-0.000885,0.001528
23.554282,0.001886,0.001531
23.571734,0.000574,0.001529
23.589187,0.006279,0.00154
23.606726,0.001908,0.001531
23.624093,0.004035,0.001529
23.641546,0.002227,0.001532
23.658998,0.002135,0.001533
23.676451,0.003145,0.001539
23.694077,-0.003017,0.001534
23.711616,-0.000363,0.001536
23.729069,0.003438,0.001548
23.746608,0.006002,0.001534
23.764061,0.004816,0.001542
23.781514,0.007453,0.001538
23.798966,0.002755,0.001535
23.816506,0.002328,0.001531
23.834045,0.005358,0.001539
23.851584,-0.00209,0.00154
23.869123,0.00553,0.001536
23.886576,0.010801,0.001542
23.903942,0.006103,0.001537
23.921395,0.007765,0.00157
23.938848,0.007914,0.001528
23.956301,0.004368,0.001536
23.973926,-0.00103,0.001533
23.991466,-0.001052,0.001525
24.009005,0.004383,0.00153
24.026458,0.00063,0.001531
24.044083,0.004731,0.00153
24.061622,0.001159,0.001532
24.079075,0.004111,0.001524
24.096701,0.003454,0.001532
24.11424,0.002604,0.00154
24.131693,0.004572,0.00154
24.149146,0.006612,0.001548
24.166685,0.008053,0.001544
24.184224,0.009091,0.001552
24.201677,0.004269,0.001549
24.219302,0.003666,0.001556
24.236755,-0.002916,0.00154
24.254381,0.003405,0.001538
24.271834,0.000855,0.001541
24.289286,0.000908,0.001537
24.306739,0.006777,0.001541
24.324192,-0.001364,0.001534
24.341731,-0.001167,0.001538
24.35927,0.007422,0.001542
24.376723,0.004521,0.001541
24.394262,0.00339,0.001533
24.411715,0.006768,0.00154
24.429168,0.003642,0.001538
24.446707,0.004051,0.001538
24.464246,0.007221,0.00154
24.481699,0.00186,0.00154
24.499152,0.006164,0.00154
24.516605,0.003089,0.001544
24.534144,-0.004943,0.001539
24.551597,0.008347,0.00155
24.569136,0.001585,0.001545
24.586589,0.001005,0.001534
24.604128,-0.002044,0.001539
24.621581,-0.003141,0.001542
24.63912,0.007185,0.00155
24.656659,0.003399,0.001543
24.674112,0.002709,0.001544
24.691565,0.00646,0.00154
24.709104,0.005936,0.00154
24.726643,0.000778,0.001546
24.744182,0.011613,0.001545
24.761808,0.001605,0.001537
24.779347,0.003058,0.001535
24.7968,-0.001588,0.001541
24.814339,-0.00644,0.001537
24.831792,-0.001351,0.001542
24.849245,0.001351,0.001541
24.866784,0.002942,0.001546
24.884323,0.002034,0.001546
24.901776,0.000193,0.001543
24.919229,0.006483,0.001549
24.936854,0.003211,0.001548
24.954394,0.004259,0.001555
24.971846,0.005852,0.001545
24.989299,0.004232,0.001538
25.006838,0.002635,0.001548
25.024378,0.004604,0.001554
25.041917,0.00332,0.001547
25.05937,0.000501,0.001542
25.076822,0.001518,0.001542
25.094362,0.003097,0.001541
25.111901,0.005848,0.001547
25.129354,-0.001045,0.001548
25.146806,0.006183,0.001546
25.164346,0.00195,0.001548
25.182058,0.005857,0.001541
25.199424,0.002466,0.001542
25.21705,0.003262,0.00154
25.234502,0.005431,0.001538
25.251955,0.003432,0.001545
25.269408,0.001168,0.001548
25.287034,-0.000887,0.00155
25.304573,0.001567,0.001542
25.322112,0.003091,0.001543
25.339565,-0.001457,0.001549
25.357018,-0.001866,0.001545
25.37447,-0.000589,0.001544
25.391923,0.000702,0.001541
25.409549,0.00078,0.001544
25.427002,0.001622,0.001539
25.444541,0.006727,0.001542
25.461994,-0.000615,0.00154
25.479446,-0.002552,0.001537
25.496899,-0.00077,0.001538
25.514352,-0.00003,0.001543
25.531805,0.000319,0.001539
25.549344,-0.000114,0.001544
25.566883,0.002046,0.001536
25.584336,0.003862,0.001546
25.601875,0.007043,0.001538
25.619328,0.002064,0.00154
25.636867,0.004001,0.001542
25.654406,0.002872,0.001538
25.671859,0.003162,0.001536
25.689312,0.007402,0.001539
25.706765,0.003196,0.00154
25.724218,0.00463,0.001541
25.741757,0.003069,0.00154
25.759296,-0.002175,0.001539
25.776749,0.008843,0.001538
25.794288,0.001843,0.001542
25.811741,0.001851,0.001547
25.829194,0.004097,0.001542
25.846733,0.001426,0.001542
25.864272,0.001177,0.001541
25.881811,-0.000051,0.001543
25.899523,0.002745,0.001538
25.91689,-0.00067,0.00154
25.934429,0.006497,0.001545
25.952054,0.003789,0.001548
25.969421,0.000608,0.001547
25.98696,-0.000682,0.001538
26.004413,0.003659,0.001547
26.021952,0.00633,0.001545
26.039405,-0.000805,0.001547
26.056858,0.000631,0.00155
26.07431,-0.001892,0.001546
26.091763,-0.000222,0.001551
26.109389,0.007502,0.001548
26.126842,0.004828,0.001544
26.144294,0.005065,0.001545
26.16192,0.002468,0.001546
26.179459,0.003254,0.001545
26.196998,0.001886,0.001547
26.214538,0.003455,0.001551
26.232077,0.002958,0.001549
26.249443,0.006293,0.001544
26.266982,0.000675,0.001548
26.284435,0.006069,0.001546
26.302061,0.003012,0.001544
26.3196,0.006931,0.001548
26.337053,0.002005,0.001542
26.354506,0.008641,0.001546
26.371958,-0.00205,0.001539
26.389498,-0.002076,0.001544
26.40695,-0.002766,0.001567
26.424403,-0.002401,0.001579
26.442029,0.001739,0.001569
26.459482,0.002089,0.001563
26.476934,-0.003127,0.001556
26.494387,0.000047,0.001562
26.511926,0.00215,0.00157
26.529379,0.002022,0.001557
26.546832,0.002344,0.001554
26.564285,0.003222,0.001563
26.58191,0.001076,0.001553
26.599363,0.00693,0.001557
26.616816,0.00441,0.001566
26.634269,0.005375,0.001577
26.651894,0.00289,0.001592
26.669347,0.003661,0.001571
26.6868,0.00011,0.001569
26.704253,0.002218,0.00157
26.721792,0.006134,0.001564
26.739245,0.002703,0.001565
26.756698,0.002688,0.00156
26.77415,-0.001011,0.001565
26.791776,0.003804,0.001584
26.809229,-0.004639,0.001564
26.826682,0.003237,0.001567
26.844221,0.001222,0.001581
26.86176,0.002983,0.001598
26.879126,0.001243,0.001579
26.896666,0.007452,0.001581
26.914205,0.004695,0.001595
26.931744,0.004421,0.001596
26.949197,0.006751,0.001616
26.966736,0.007298,0.001594
26.984189,0.008296,0.001588
27.001642,0.006725,0.001593
27.019094,-0.002919,0.001579
27.036547,0.000218,0.001584
27.054086,0.002423,0.001583
27.071626,0.009103,0.001581
27.089078,0.011139,0.001601
27.106618,-0.00039,0.001583
27.12407,-0.002161,0.001582
27.14161,0.003775,0.001581
27.159062,0.000997,0.001601
27.176602,0.003094,0.001589
27.194054,0.006898,0.001589
27.211507,0.005377,0.001596
27.22896,0.011446,0.001591
27.246499,0.003497,0.001615
27.263952,0.011648,0.001605
27.281491,0.003084,0.001629
27.298944,0.009565,0.001627
27.316483,0.017242,0.001623
27.333936,0.003891,0.001608
27.351475,0.010635,0.001616
27.369014,0.008784,0.001612
27.386554,0.00722,0.001612
27.404006,0.003398,0.001608
27.421546,0.010966,0.001615
27.439085,0.003674,0.001588
27.456538,0.007678,0.001608
27.474163,0.003425,0.001609
27.491702,0.009669,0.00161
27.509155,0.007653,0.00159
27.526694,0.009871,0.001597
27.544147,0.003585,0.001585
27.5616,0.006488,0.001585
27.579053,0.002583,0.001601
27.596506,0.007946,0.001596
27.614131,0.003702,0.001598
27.631498,0.005466,0.00159
27.649037,-0.00057,0.001594
27.666576,0.007643,0.001601
27.684115,0.01274,0.001624
27.701568,0.00471,0.00161
27.719021,0.007386,0.001605
27.73656,0.010233,0.001599
27.754013,0.010252,0.001621
27.771466,0.002872,0.001625
27.789005,0.004116,0.00162
27.806458,0.007594,0.001608
27.823997,0.002155,0.001612
27.84145,0.005526,0.001615
27.858989,0.009268,0.001601
27.876442,0.006775,0.001589
27.893981,0.00269,0.001596
27.911434,0.004881,0.001583
27.928973,0.008484,0.001594
27.946426,0.00594,0.00158
27.963878,0.010666,0.001591
27.981331,-0.000417,0.001584
27.99887,0.001562,0.001596
28.016323,0.00522,0.001588
28.033862,0.006578,0.001594
28.051315,0.001212,0.001595
28.068854,0.000275,0.001597
28.086307,0.001922,0.001599
28.103846,0.000423,0.001604
28.121299,0.004279,0.001598
28.138752,0.007594,0.001592
28.156205,0.004971,0.001599
28.173658,0.00555,0.0016
28.191197,0.009266,0.001612
28.208736,0.003078,0.0016
28.226189,0.008306,0.001601
28.243814,0.000159,0.001604
28.261267,0.00208,0.001607
28.27872,0.00801,0.001625
28.296173,0.011474,0.00161
28.313712,0.004149,0.001601
28.331251,0.013756,0.001632
28.348704,0.00666,0.001621
28.366157,0.003959,0.00161
28.383782,0.001969,0.001594
28.401322,0.006978,0.001605
28.418774,0.006918,0.001623
28.436314,0.007524,0.001617
28.453766,0.010107,0.001602
28.471219,0.004226,0.001615
28.488672,0.006723,0.001614
28.506125,0.006125,0.001643
28.523664,0.006536,0.001628
28.541117,0.015922,0.00163
28.55857,0.008896,0.001625
28.576022,0.013901,0.00161
28.593648,0.010466,0.001613
28.611101,0.007734,0.001612
28.628554,0.005709,0.001634
28.646006,0.008399,0.001616
28.663546,0.003843,0.00161
28.680998,0.001105,0.001612
28.698538,-0.005606,0.00161
28.716509,-0.003844,0.001602
28.734048,-0.004095,0.001591
28.751501,-0.001885,0.001594
28.76904,-0.003039,0.001608
28.786493,-0.001291,0.001609
28.803946,0.013652,0.001609
28.821398,0.008821,0.00163
28.839024,0.012325,0.001713
28.856477,0.009907,0.001635
28.87393,0.008259,0.001617
28.891382,0.00999,0.001609
28.909008,0.010157,0.001601
28.926461,0.004404,0.001625
28.943914,0.005851,0.001624
28.961366,0.006497,0.001658
28.978906,0.008676,0.001678
28.996445,0.012949,0.001665
29.013898,0.011186,0.001636
29.031437,0.007375,0.001633
29.04889,0.015179,0.001649
29.066342,0.0103,0.001672
29.083795,0.008997,0.001663
29.101248,0.003893,0.001647
29.118874,0.016663,0.00163
29.136326,0.005204,0.001615
29.153779,0.006241,0.00163
29.171318,0.011461,0.001657
29.188771,0.010297,0.001658
29.206224,0.011408,0.001665
29.223763,0.008811,0.001673
29.241302,0.001773,0.001654
29.258755,0.000363,0.001658
29.276294,0.000825,0.001658
29.293834,0.001357,0.001652
29.311286,0.002848,0.001633
29.328739,0.002541,0.0016
29.346192,-0.002791,0.001659
29.363645,0.002556,0.001672
29.381184,0.004193,0.001653
29.39855,-0.001951,0.00163
29.416003,0.002419,0.001623
29.433456,-0.00113,0.001613
29.451082,0.003717,0.00168
29.468621,0.000968,0.001776
29.486074,0.003851,0.001693
29.503526,-0.001554,0.001679
29.521066,-0.000755,0.001648
29.538605,-0.006738,0.001723
29.556058,0.003104,0.001681
29.573597,-0.001712,0.00164
29.591136,0.001844,0.001689
29.608589,0.0052,0.001665
29.626042,0.002876,0.001664
29.643494,0.000147,0.001617
29.660947,0.005306,0.001625
29.6784,0.010058,0.001629
29.695939,0.001323,0.001614
29.713478,-0.005678,0.001609
29.731018,-0.00371,0.00161
29.748557,-0.000548,0.001606
29.76601,0.000488,0.001605
29.783462,-0.001681,0.001609
29.800915,-0.001444,0.001599
29.818454,0.000143,0.001607
29.835907,0.00899,0.001602
29.853446,-0.007816,0.001588
29.870899,0.006089,0.001593
29.888525,0.005758,0.001598
29.905978,0.002611,0.001607
29.92343,0.002795,0.001599
29.940883,0.010592,0.001597
29.958422,0.000561,0.001599
29.975962,0.005813,0.001599
29.993414,0.004965,0.001604
30.010867,0.002024,0.001613
30.028406,0.00795,0.001612
30.045859,0.007637,0.001613
30.063312,0.008323,0.001615
30.080765,0.010688,0.001615
30.09839,0.002731,0.001607
30.115843,0.006019,0.001605
30.133382,0.01248,0.00162
30.150922,0.017714,0.001636
30.168374,0.005935,0.001638
30.185827,-0.001654,0.001653
30.20328,0.018626,0.001651
30.220733,0.008315,0.001662
30.238272,0.012902,0.00165
30.255811,0.013592,0.001649
30.273264,0.006812,0.001641
30.290803,0.018268,0.001636
30.308256,0.009033,0.001635
30.325795,0.007675,0.001646
30.343334,0.01305,0.001649
30.36096,0.004613,0.001626
30.378499,0.003707,0.001661
30.395952,0.008874,0.00175
30.413491,-0.001188,0.001716
30.430944,-0.003833,0.001698
30.448483,0.015973,0.001724
30.466022,0.014202,0.00167
30.483648,0.007956,0.001629
30.501101,0.002923,0.001663
30.518554,0.001299,0.001665
30.536006,0.003097,0.001643
30.553632,0.007051,0.001659
30.571085,0.014208,0.001643
30.588624,0.000315,0.00166
30.606163,-0.012163,0.00167
30.623616,0.002892,0.001664
30.641069,0.003519,0.001656
30.658522,0.011343,0.00164
30.676061,0.000735,0.001664
30.693514,0.004094,0.001667
30.71088,0.003769,0.001649
30.728333,0.009552,0.001652
30.745786,0.00722,0.001658
30.763238,0.004585,0.001665
30.780778,0.003948,0.001678
30.798144,0.010197,0.001661
30.815597,0.005442,0.00177
30.833136,0.007089,0.00171
30.850762,0.004922,0.001695
30.868214,-0.002773,0.001657
30.885667,0.004838,0.001639
30.90312,-0.009983,0.001642
30.920746,-0.007039,0.001724
30.938198,0.010339,0.001724
30.955651,0.005712,0.001621
30.97319,-0.001753,0.001642
30.990643,0.003468,0.001621
31.008096,0.004074,0.001623
31.025549,-0.001667,0.001646
31.043002,0.001699,0.001659
31.060627,-0.00044,0.001683
31.077994,0.000303,0.001646
31.095446,0.001599,0.001626
31.112899,-0.00803,0.001647
31.130352,-0.00011,0.001649
31.147891,0.002195,0.001656
31.165344,0.00487,0.001688
31.182797,0.002035,0.001687
31.20025,0.002004,0.001736
31.217789,0.002673,0.001679
31.235242,0.00136,0.001729
31.252694,0.006925,0.001698
31.270147,-0.002062,0.001761
31.287773,-0.004749,0.001652
31.305139,-0.000089,0.001732
31.322592,-0.000352,0.001744
31.340045,-0.00686,0.001752
31.357498,0.000273,0.001697
31.37495,0.003333,0.001629
31.392317,0.007773,0.001637
31.409856,0.00058,0.001644
31.427309,0.004993,0.00166
31.444934,0.001845,0.001651
31.462474,-0.003983,0.001664
31.479926,0.009523,0.001652
31.497638,0.005658,0.001668
31.515091,-0.005065,0.00166
31.532544,-0.004232,0.001701
31.549997,-0.000655,0.00169
31.567622,-0.010158,0.001774
31.585075,-0.006113,0.001683
31.602528,-0.002351,0.001772
31.620154,-0.001735,0.001696
31.637779,0.005583,0.001704
31.655232,0.005343,0.001676
31.672685,0.00629,0.001673
31.69031,0.002046,0.001656
31.70785,0.009449,0.00165
31.725389,-0.005729,0.001637
31.743014,0.004476,0.001638
31.760467,-0.007327,0.001661
31.77792,0.004323,0.001673
31.795373,0.000579,0.001653
31.812998,-0.005702,0.001667
31.830451,-0.004691,0.001706
31.848077,-0.016892,0.001713
31.86553,-0.007774,0.001663
31.882982,-0.00749,0.001656
31.900435,-0.005482,0.001655
31.917888,-0.006302,0.001684
31.935427,0.001367,0.001716
31.95288,0.000943,0.001751
31.970333,0.002164,0.001696
31.987786,-0.007816,0.00168
32.005325,-0.000242,0.001689
32.022864,-0.004702,0.001676
32.04023,0.004276,0.001667
32.057683,0.000694,0.001666
32.075136,0.003464,0.001676
32.092675,0.008893,0.001674
32.110128,0.00493,0.001696
32.127581,0.010384,0.001689
32.145034,0.000151,0.001668
32.162486,-0.01032,0.001649
32.180026,0.009196,0.001653
32.197565,0.004855,0.001665
32.215018,0.001314,0.001663
32.232902,0.006785,0.001654
32.250355,0.003616,0.001696
32.267808,0.004413,0.001742
32.285261,0.01791,0.001689
32.302886,0.003912,0.001684
32.320426,-0.002219,0.001688
32.337878,0.006483,0.001671
32.355504,0.012395,0.001685
32.37287,0.009517,0.001676
32.39041,0.007063,0.001685
32.407862,-0.005104,0.001675
32.425402,-0.002344,0.001701
32.442768,0.003402,0.001707
32.460221,-0.002123,0.001692
32.477674,-0.012842,0.00178
32.495126,-0.005164,0.001685
32.512666,-0.008132,0.001684
32.530118,0.001641,0.00172
32.547571,-0.005777,0.001711
32.565024,-0.00681,0.001671
32.582563,0.001086,0.001669
32.600016,-0.010023,0.00169
32.617469,-0.004829,0.00168
32.634922,-0.010806,0.001688
32.652547,-0.000443,0.001679
32.669914,0.005645,0.001706
32.687366,0.00401,0.001724
32.704819,-0.006698,0.001666
32.722272,-0.00024,0.001664
32.739725,-0.003209,0.001682
32.757178,-0.007619,0.001684
32.774544,-0.00205,0.001668
32.792083,-0.001979,0.001672
32.809536,-0.003374,0.001698
32.826989,0.00397,0.001719
32.844442,0.000186,0.001699
32.861894,-0.000361,0.001702
32.879434,0.00888,0.001707
32.896886,0.002645,0.001699
32.914426,-0.002361,0.001748
32.931965,-0.001577,0.001705
32.949418,0.001512,0.001696
32.96687,0.002458,0.001699
32.984237,-0.000599,0.001714
33.00169,0.005895,0.001687
33.019142,0.011489,0.001702
33.036682,0.005143,0.001701
33.054134,0.002997,0.001706
33.071501,0.017711,0.001733
33.088954,0.000326,0.001712
33.106406,0.006319,0.001723
33.124032,0.005658,0.001738
33.141485,0.00096,0.001719
33.158938,0.008766,0.001709
33.17639,0.010134,0.001711
33.194016,0.004693,0.001705
33.211469,0.000308,0.001707
33.228922,-0.011616,0.001737
33.246374,-0.002512,0.001724
33.264,0.007505,0.001734
33.281366,0.003274,0.001713
33.298819,0.004251,0.001719
33.316272,0.00505,0.001736
33.333811,0.005918,0.001712
33.351178,0.000807,0.00171
